index,formula,objval,treesize,time,bnbnodes
9,x1,64.70004603235087,1,17.863582,274
8,x2,62.8711261312538,1,17.863582,274
7,((x1+x2)+(x2+x2)),11.925310790694112,7,17.863582,274
6,((x2+(-0.21332544352354077))/((0.8378500837431611)/x1)),1.8801941864581941,7,17.863582,274
5,(((0.8536056763792343)-x2)*(x1*(-1.359785126497633))),1.2504769374475135,7,17.863582,274
4,(((-0.0795774652627621)-x2)*(x1*(-0.9939149897044854))),0.03962868013580065,7,17.863582,274
3,(((0.07957746526276566)-x2)*(x1*(-1.0232157949506167))),0.005680001356760264,7,17.863582,274
2,((x1*(1.0232597333651487))*(x2+(-0.07957746526278697))),0.005679891100356866,7,17.863582,274
1,((x2*(-0.5608398432404588))*(x1*(-1.783125014166449))),2.832455938636158e-7,7,17.863582,274
