index,formula,objval,treesize,time,bnbnodes
1,((x1*x2)-((1.0)+(-1.0000000000000009))),1.4199496293978213e-30,7,0.8542379999999999,217
2,((x1*x2)+(x1/x1)),1.0,7,0.8542379999999999,217
3,((x1*x2)+(x2/x1)),1.704948839795147,7,0.8542379999999999,217
4,((x1*x1)-(x2/x1)),28.211161517871666,7,0.8542379999999999,217
5,((x1*x1)-(x2-x1)),39.89202623393256,7,0.8542379999999999,217
6,x1,64.70004603235087,1,0.8542379999999999,217
